{"cameraMode":{"drawMode":0,"name":"Shaded","section":"Shading Mode"},"sceneLighting":false,"audioPlay":false,"sceneViewState":{"m_AlwaysRefresh":false,"showFog":true,"showSkybox":false,"showFlares":true,"showImageEffects":true,"showParticleSystems":true,"showVisualEffectGraphs":true,"m_FxEnabled":true},"in2DMode":false,"pivot":{"x":-4.21999979019165,"y":0.958215594291687,"z":5.738399982452393},"rotation":{"x":-0.004985622130334377,"y":0.22488833963871003,"z":0.0010834649438038469,"w":0.9744280576705933},"size":0.8660253882408142,"orthographic":false}