{"cameraMode":{"drawMode":0,"name":"Shaded","section":"Shading Mode"},"sceneLighting":false,"audioPlay":false,"sceneViewState":{"m_AlwaysRefresh":false,"showFog":true,"showSkybox":false,"showFlares":true,"showImageEffects":true,"showParticleSystems":true,"showVisualEffectGraphs":true,"m_FxEnabled":true},"in2DMode":false,"pivot":{"x":-1.2599999904632569,"y":0.5386068224906921,"z":5.322120666503906},"rotation":{"x":-0.004985622130334377,"y":0.22488833963871003,"z":0.0010834649438038469,"w":0.9744280576705933},"size":1.5060946941375733,"orthographic":false}