{"cameraMode":{"drawMode":0,"name":"Shaded","section":"Shading Mode"},"sceneLighting":true,"audioPlay":false,"sceneViewState":{"m_AlwaysRefresh":false,"showFog":true,"showSkybox":true,"showFlares":true,"showImageEffects":true,"showParticleSystems":true,"showVisualEffectGraphs":true,"m_FxEnabled":true},"in2DMode":false,"pivot":{"x":1.6967755556106568,"y":-0.981891393661499,"z":0.01028507947921753},"rotation":{"x":0.24387432634830476,"y":0.6275454759597778,"z":-0.2168547362089157,"w":0.7070298790931702},"size":2.3293445110321047,"orthographic":false}