{"cameraMode":{"drawMode":0,"name":"Shaded","section":"Shading Mode"},"sceneLighting":true,"audioPlay":false,"sceneViewState":{"m_AlwaysRefresh":false,"showFog":true,"showSkybox":true,"showFlares":true,"showImageEffects":true,"showParticleSystems":true,"showVisualEffectGraphs":true,"m_FxEnabled":true},"in2DMode":false,"pivot":{"x":-1.2599999904632569,"y":0.6120007634162903,"z":5.302764415740967},"rotation":{"x":0.009249675087630749,"y":-0.7075703740119934,"z":0.00899401493370533,"w":0.7066841721534729},"size":1.4241106510162354,"orthographic":false}