{"cameraMode":{"drawMode":0,"name":"Shaded","section":"Shading Mode"},"sceneLighting":true,"audioPlay":false,"sceneViewState":{"m_AlwaysRefresh":false,"showFog":true,"showSkybox":true,"showFlares":true,"showImageEffects":true,"showParticleSystems":true,"showVisualEffectGraphs":true,"m_FxEnabled":true},"in2DMode":false,"pivot":{"x":5.959089756011963,"y":4.279393196105957,"z":1.1591739654541016},"rotation":{"x":0.3368968069553375,"y":-0.062080688774585727,"z":0.022266652435064317,"w":0.9392349720001221},"size":12.12435531616211,"orthographic":false}