{"cameraMode":{"drawMode":0,"name":"Shaded","section":"Shading Mode"},"sceneLighting":true,"audioPlay":false,"sceneViewState":{"m_AlwaysRefresh":false,"showFog":true,"showSkybox":true,"showFlares":true,"showImageEffects":true,"showParticleSystems":true,"showVisualEffectGraphs":true,"m_FxEnabled":true},"in2DMode":false,"pivot":{"x":1.8225288391113282,"y":-3.8767452239990236,"z":12.367777824401856},"rotation":{"x":0.31700268387794497,"y":0.28011345863342287,"z":-0.0985850989818573,"w":0.9007440805435181},"size":12.12435531616211,"orthographic":false}