{"cameraMode":{"drawMode":0,"name":"Shaded","section":"Shading Mode"},"sceneLighting":true,"audioPlay":false,"sceneViewState":{"m_AlwaysRefresh":false,"showFog":true,"showSkybox":true,"showFlares":true,"showImageEffects":true,"showParticleSystems":true,"showVisualEffectGraphs":true,"m_FxEnabled":true},"in2DMode":false,"pivot":{"x":-3.2338428497314455,"y":0.2766513526439667,"z":-2.042912244796753},"rotation":{"x":0.03189068287611008,"y":0.5518417358398438,"z":-0.021381158381700517,"w":0.8332189917564392},"size":1.6869218349456788,"orthographic":false}