{"cameraMode":{"drawMode":0,"name":"Shaded","section":"Shading Mode"},"sceneLighting":true,"audioPlay":false,"sceneViewState":{"m_AlwaysRefresh":false,"showFog":true,"showSkybox":true,"showFlares":true,"showImageEffects":true,"showParticleSystems":true,"showVisualEffectGraphs":true,"m_FxEnabled":true},"in2DMode":false,"pivot":{"x":-12.411823272705079,"y":0.3883393406867981,"z":-3.1829850673675539},"rotation":{"x":0.12976129353046418,"y":0.13637171685695649,"z":-0.018213331699371339,"w":0.9820520877838135},"size":41.92003631591797,"orthographic":false}