{"cameraMode":{"drawMode":0,"name":"Shaded","section":"Shading Mode"},"sceneLighting":true,"audioPlay":false,"sceneViewState":{"m_AlwaysRefresh":false,"showFog":true,"showSkybox":true,"showFlares":true,"showImageEffects":true,"showParticleSystems":true,"showVisualEffectGraphs":true,"m_FxEnabled":true},"in2DMode":false,"pivot":{"x":-1.1779932975769044,"y":0.8446911573410034,"z":16.517492294311525},"rotation":{"x":-0.018307404592633249,"y":0.7476044297218323,"z":0.020828939974308015,"w":0.6636325716972351},"size":0.8494258522987366,"orthographic":false}