{"cameraMode":{"drawMode":0,"name":"Shaded","section":"Shading Mode"},"sceneLighting":true,"audioPlay":false,"sceneViewState":{"m_AlwaysRefresh":false,"showFog":true,"showSkybox":true,"showFlares":true,"showImageEffects":true,"showParticleSystems":true,"showVisualEffectGraphs":true,"m_FxEnabled":true},"in2DMode":false,"pivot":{"x":-3.7782957553863527,"y":0.7733076214790344,"z":2.1374118328094484},"rotation":{"x":0.012075725942850113,"y":0.7215223908424377,"z":-0.012342238798737526,"w":0.6921845078468323},"size":0.8660253882408142,"orthographic":false}