{"cameraMode":{"drawMode":0,"name":"Shaded","section":"Shading Mode"},"sceneLighting":true,"audioPlay":false,"sceneViewState":{"m_AlwaysRefresh":false,"showFog":true,"showSkybox":true,"showFlares":true,"showImageEffects":true,"showParticleSystems":true,"showVisualEffectGraphs":true,"m_FxEnabled":true},"in2DMode":false,"pivot":{"x":9.619933128356934,"y":1.1142005920410157,"z":-3.738945722579956},"rotation":{"x":0.046466726809740069,"y":-0.44218313694000246,"z":0.023066189140081407,"w":0.8954461812973023},"size":0.44139349460601809,"orthographic":false}