{"cameraMode":{"drawMode":0,"name":"Shaded","section":"Shading Mode"},"sceneLighting":true,"audioPlay":false,"sceneViewState":{"m_AlwaysRefresh":false,"showFog":true,"showSkybox":true,"showFlares":true,"showImageEffects":true,"showParticleSystems":true,"showVisualEffectGraphs":true,"m_FxEnabled":true},"in2DMode":false,"pivot":{"x":-3.3064093589782717,"y":0.6060572862625122,"z":-4.108646392822266},"rotation":{"x":-0.026527628302574159,"y":-0.8154647946357727,"z":0.03727845475077629,"w":-0.5770890116691589},"size":4.688687801361084,"orthographic":false}