{"cameraMode":{"drawMode":0,"name":"Shaded","section":"Shading Mode"},"sceneLighting":true,"audioPlay":false,"sceneViewState":{"m_AlwaysRefresh":false,"showFog":true,"showSkybox":true,"showFlares":true,"showImageEffects":true,"showParticleSystems":true,"showVisualEffectGraphs":true,"m_FxEnabled":true},"in2DMode":false,"pivot":{"x":1.4936110973358155,"y":1.2585909366607667,"z":12.301508903503418},"rotation":{"x":-0.0004017790488433093,"y":-0.7159868478775024,"z":-0.00044835673179477453,"w":0.6981610059738159},"size":1.4241106510162354,"orthographic":false}