{"cameraMode":{"drawMode":0,"name":"Shaded","section":"Shading Mode"},"sceneLighting":true,"audioPlay":false,"sceneViewState":{"m_AlwaysRefresh":false,"showFog":true,"showSkybox":true,"showFlares":true,"showImageEffects":true,"showParticleSystems":true,"showVisualEffectGraphs":true,"m_FxEnabled":true},"in2DMode":false,"pivot":{"x":0.046321719884872439,"y":1.5302764177322388,"z":0.4002178907394409},"rotation":{"x":0.02038220316171646,"y":-0.03748433291912079,"z":0.0007630179752595723,"w":0.99909508228302},"size":0.8660253882408142,"orthographic":false}