{"cameraMode":{"drawMode":0,"name":"Shaded","section":"Shading Mode"},"sceneLighting":true,"audioPlay":false,"sceneViewState":{"m_AlwaysRefresh":false,"showFog":true,"showSkybox":true,"showFlares":true,"showImageEffects":true,"showParticleSystems":true,"showVisualEffectGraphs":true,"m_FxEnabled":true},"in2DMode":false,"pivot":{"x":-6.188610076904297,"y":0.9582191705703735,"z":6.127486228942871},"rotation":{"x":0.0017656729323789478,"y":-0.6772375106811523,"z":0.001623589894734323,"w":0.7357662320137024},"size":7.799622535705566,"orthographic":false}