{"cameraMode":{"drawMode":0,"name":"Shaded","section":"Shading Mode"},"sceneLighting":true,"audioPlay":false,"sceneViewState":{"m_AlwaysRefresh":false,"showFog":true,"showSkybox":true,"showFlares":true,"showImageEffects":true,"showParticleSystems":true,"showVisualEffectGraphs":true,"m_FxEnabled":true},"in2DMode":false,"pivot":{"x":-2.045240640640259,"y":0.45784956216812136,"z":3.3028292655944826},"rotation":{"x":0.015717359259724618,"y":0.05572779104113579,"z":0.0007185339345596731,"w":-0.9983590841293335},"size":2.8363115787506105,"orthographic":false}