{"cameraMode":{"drawMode":0,"name":"Shaded","section":"Shading Mode"},"sceneLighting":true,"audioPlay":false,"sceneViewState":{"m_AlwaysRefresh":false,"showFog":true,"showSkybox":true,"showFlares":true,"showImageEffects":true,"showParticleSystems":true,"showVisualEffectGraphs":true,"m_FxEnabled":true},"in2DMode":false,"pivot":{"x":-2.347426414489746,"y":0.8071833848953247,"z":0.5612620115280151},"rotation":{"x":0.016245625913143159,"y":0.6626650094985962,"z":-0.014687872491776944,"w":0.748758852481842},"size":0.8660253882408142,"orthographic":false}