{"cameraMode":{"drawMode":0,"name":"Shaded","section":"Shading Mode"},"sceneLighting":true,"audioPlay":false,"sceneViewState":{"m_AlwaysRefresh":false,"showFog":true,"showSkybox":true,"showFlares":true,"showImageEffects":true,"showParticleSystems":true,"showVisualEffectGraphs":true,"m_FxEnabled":true},"in2DMode":false,"pivot":{"x":-7.849611282348633,"y":0.8637130260467529,"z":6.023026943206787},"rotation":{"x":0.022404661402106286,"y":0.5280493497848511,"z":-0.013957185670733452,"w":0.8488436937332153},"size":1.4241106510162354,"orthographic":false}